
-- Account TABLE Queries
--
--
INSERT INTO `Account` (`UserID`, `Password`, `accountType`) VALUES ('1', '5apf', 'admin'),
('2', 'xKj3', 'admin'),
('3', 'h9FI', 'admin'),
('4', '7WP7', 'admin'),
('5', 'DgjV', 'admin'),
('6', 'jMq9', 'lecturer'),
('7', 'h5OM', 'lecturer'),
('8', 'sV9d', 'lecturer'),
('9', '6M9u', 'lecturer'),
('10', '0tEJ', 'lecturer'),
('11', 'kI4p', 'lecturer'),
('12', 'BQ44', 'lecturer'),
('13', 'fiLc', 'lecturer'),
('14', 'GCe4', 'lecturer'),
('15', 'Tggm', 'lecturer'),
('16', '03vF', 'student'),
('17', 'CvPV', 'student'),
('18', 'MjHa', 'student'),
('19', 'hK6J', 'student'),
('20', '04TJ', 'student'),
('21', 'FA4j', 'student'),
('22', 'GYje', 'student'),
('23', 'N1um', 'student'),
('24', 'k0Rt', 'student'),
('25', 'h70Q', 'student'),
('26', 'SFdm', 'student'),
('27', 'UpoU', 'student'),
('28', 'nFqf', 'student'),
('29', 'SCPp', 'student'),
('30', 'Se8m', 'student'),
('31', '3HP5', 'student'),
('32', 'CIOz', 'student'),
('33', 'pG3U', 'student'),
('34', 'HUAy', 'student'),
('35', 'pVgu', 'student'),
('36', 'Py8k', 'student'),
('37', 'USbV', 'student'),
('38', 'CNEz', 'student'),
('39', 'J2Pn', 'student'),
('40', 'XRZs', 'student'),
('41', 'nl45', 'student'),
('42', 'oDP3', 'student'),
('43', '7hCr', 'student'),
('44', '1KDH', 'student'),
('45', '2oL9', 'student'),
('46', 'wpDj', 'student'),
('47', 'Sb4x', 'student'),
('48', 'XSBD', 'student'),
('49', 'JEWG', 'student'),
('50', 'oj1Q', 'student'),
('51', 'gLpS', 'student'),
('52', 'OE8g', 'student'),
('53', '5Q2Y', 'student'),
('54', 'XKG7', 'student'),
('55', 'vPG2', 'student'),
('56', 'cI3y', 'student'),
('57', 'CHuf', 'student'),
('58', 'Guit', 'student'),
('59', 'brfk', 'student'),
('60', 'jHAf', 'student'),
('61', 'Q1lN', 'student'),
('62', 'HnJs', 'student'),
('63', 'c3g0', 'student'),
('64', 'Wg0K', 'student'),
('65', '8hpM', 'student'),
('66', '8KJP', 'student'),
('67', 'NgrY', 'student'),
('68', 'SlXx', 'student'),
('69', 'mOVq', 'student'),
('70', 'zdbu', 'student'),
('71', '3KAr', 'student'),
('72', 'GnSm', 'student'),
('73', 'TY3f', 'student'),
('74', 'bkXD', 'student'),
('75', 'Nnhl', 'student'),
('76', 'f2pe', 'student'),
('77', 'iGYC', 'student'),
('78', 'soVA', 'student'),
('79', '0QuO', 'student'),
('80', 'uDMY', 'student'),
('81', 'pOZs', 'student'),
('82', 'Jv9S', 'student'),
('83', 'JeuY', 'student'),
('84', 'UQ3N', 'student'),
('85', 'CbdZ', 'student'),
('86', '4mrT', 'student'),
('87', 'RD1G', 'student'),
('88', 'jNCD', 'student'),
('89', 'E53E', 'student'),
('90', 'G8Iq', 'student'),
('91', 'F3I1', 'student'),
('92', 'fgQs', 'student'),
('93', 'YAp3', 'student'),
('94', 'eLHx', 'student'),
('95', 'eLHj', 'student'),
('96', 'AB6N', 'student'),
('97', 'aw9p', 'student'),
('98', 'SrGO', 'student'),
('99', 'et3i', 'student'),
('100', 'z9Ao', 'student'),
('101', 'Crk3', 'student'),
('102', '8Ovh', 'student'),
('103', 'ehH8', 'student'),
('104', 'oOOO', 'student'),
('105', 'Wbee', 'student'),
('106', '3K9X', 'student'),
('107', 'TE4X', 'student'),
('108', 'HCkk', 'student'),
('109', 'sBiM', 'student'),
('110', 'Lcrc', 'student'),
('111', 'OXVd', 'student'),
('112', 'sDh9', 'student'),
('113', 'Y352', 'student'),
('114', '9Ina', 'student'),
('115', 'UWje', 'student');

--
--

-- Student TABLE Queries
--
--
INSERT INTO `Student` (`UserID`, `FirstName`, `LastName`) VALUES ('16', 'Putilo', 'Wilsenworth'),
('17', 'Povoy', 'Morrderfield'),
('18', 'Veyali', 'Andersenman'),
('19', 'Hozose', 'Robiningworth'),
('20', 'Rahofe', 'Henderfordson'),
('21', 'Vepibo', 'Ericrickberg'),
('22', 'Soxofo', 'Steveningson'),
('23', 'Cufeyu', 'Anderstoneton'),
('24', 'Yeqar', 'Johnrickson'),
('25', 'Yanesuq', 'Anderfordwell'),
('26', 'Regiqa', 'Thompdonwell'),
('27', 'Gepofah', 'Johndonwell'),
('28', 'Netajuq', 'Robinstoneman'),
('29', 'Qijun', 'Ericbergton'),
('30', 'Wizopex', 'Robinrickham'),
('31', 'Qelu', 'Erichamton'),
('32', 'Toginiy', 'Ericdonworth'),
('33', 'Zolefav', 'Anderrickman'),
('34', 'Tojuco', 'Stevenfordwell'),
('35', 'Jifi', 'Wilbergfield'),
('36', 'Folacez', 'Johnfordson'),
('37', 'Xaxilo', 'Carlsenfield'),
('38', 'Lavog', 'Robinrickham'),
('39', 'Cocuk', 'Stevenbergfield'),
('40', 'Buder', 'Henderdonman'),
('41', 'Luqe', 'Anderderfield'),
('42', 'Galutum', 'Johningson'),
('43', 'Cubobiv', 'Thompdonwell'),
('44', 'Duyak', 'Morrderman'),
('45', 'Rorubom', 'Wilstoneman'),
('46', 'Dewozok', 'Carlhamham'),
('47', 'Yocapo', 'Thompderham'),
('48', 'Zegugi', 'Morrhamman'),
('49', 'Pime', 'Ericsenberg'),
('50', 'Wefak', 'Ericsenwell'),
('51', 'Wilivuk', 'Anderhamham'),
('52', 'Nake', 'Wilbergham'),
('53', 'Feqaze', 'Robinsenham'),
('54', 'Rubol', 'Thompfordton'),
('55', 'Terim', 'Ericfordman'),
('56', 'Bezorog', 'Henderrickwell'),
('57', 'Dodez', 'Wilfordham'),
('58', 'Xaxoso', 'Robinrickton'),
('59', 'Duqido', 'Carlfordworth'),
('60', 'Ziyusic', 'Henderdonham'),
('61', 'Wosuve', 'Steveningman'),
('62', 'Bucij', 'Stevenfordwell'),
('63', 'Mewucu', 'Ericbergworth'),
('64', 'Seroko', 'Robinderworth'),
('65', 'Jevep', 'Thompingham'),
('66', 'Haqek', 'Carldonworth'),
('67', 'Xudaf', 'Andermanfield'),
('68', 'Keri', 'Hendermanham'),
('69', 'Kapuf', 'Anderhamfield'),
('70', 'Mutu', 'Carlrickson'),
('71', 'Vaya', 'Wilmanton'),
('72', 'Zewod', 'Morrrickson'),
('73', 'Gadog', 'Morrdonman'),
('74', 'Letufa', 'Stevenrickson'),
('75', 'Rokub', 'Ericsenwell'),
('76', 'Kudi', 'Steveningham'),
('77', 'Saca', 'Robinbergworth'),
('78', 'Gufub', 'Henderdonson'),
('79', 'Jajuxe', 'Ericingfield'),
('80', 'Lito', 'Henderfordwell'),
('81', 'Metoh', 'Morrdonberg'),
('82', 'Weguso', 'Wilsenberg'),
('83', 'Rociba', 'Morrdonberg'),
('84', 'Sarone', 'Henderington'),
('85', 'Kicavih', 'Carldonwell'),
('86', 'Fojuyoc', 'Henderdonberg'),
('87', 'Loron', 'Wilstoneson'),
('88', 'Yaso', 'Anderbergworth'),
('89', 'Xuzihox', 'Thompingberg'),
('90', 'Hoho', 'Robinrickworth'),
('91', 'Yapud', 'Thompstoneton'),
('92', 'Mobi', 'Johnhamworth'),
('93', 'Qagap', 'Stevenderworth'),
('94', 'Saraven', 'Anderingberg'),
('95', 'Yexi', 'Johnbergton'),
('96', 'Vuvon', 'Robindonfield'),
('97', 'Duqewan', 'Anderfordworth'),
('98', 'Qufu', 'Morrstoneman'),
('99', 'Nigucu', 'Anderingham'),
('100', 'Tonolo', 'Carlstoneham'),
('101', 'Gicodes', 'Thompmanworth'),
('102', 'Yucik', 'Stevenhamfield'),
('103', 'Data', 'Ericingworth'),
('104', 'Wiyuv', 'Wilfordton'),
('105', 'Sirew', 'Hendersenton'),
('106', 'Patede', 'Ericfordton'),
('107', 'Lecec', 'Stevenhamwell'),
('108', 'Bohaz', 'Thompbergton'),
('109', 'Jeweqi', 'Stevenfordman'),
('110', 'Paji', 'Hendermanman'),
('111', 'Haqo', 'Stevenstoneham'),
('112', 'Pomog', 'Erichamton'),
('113', 'Daruliz', 'Wilingwell'),
('114', 'Ciha', 'Morringberg'),
('115', 'Kalig', 'Stevenderton');

--
--

-- Lecturer TABLE Queries
--
--
INSERT INTO `Lecturer` (`UserID`, `firstName`, `lastName`) VALUES ('6', 'Bage', 'Robinington'),
('7', 'Yihogi', 'Johnmanson'),
('8', 'Vago', 'Thompfordfield'),
('9', 'Bipu', 'Ericstoneham'),
('10', 'Wafud', 'Johnrickworth'),
('11', 'Teqize', 'Henderderworth'),
('12', 'Lovawiq', 'Anderderfield'),
('13', 'Paqez', 'Wilington'),
('14', 'Yesabo', 'Johnmanson'),
('15', 'Yepapu', 'Ericderwell');

--
--

-- Admin TABLE Queries
--
--
INSERT INTO `Admin` (`UserID`) VALUES ('1'),
('2'),
('3'),
('4'),
('5');

--
--

-- Course TABLE Queries
--
--
INSERT INTO `Course` (`CourseID`, `CourseName`) VALUES ('1', 'Expert Techniques of Global Data Science'),
('2', 'Intermediate Analysis of Digital Physics'),
('3', 'Professional Fundamentals of Practical Physics'),
('4', 'Beginner Principles of Global Engineering'),
('5', 'Expert Fundamentals of Modern Linguistics'),
('6', 'Expert Theory of Practical Political Science'),
('7', 'Expert Strategies of Theoretical Finance'),
('8', 'Advanced Theory of Modern Philosophy'),
('9', 'Professional Perspectives of Global Sociology'),
('10', 'Professional Applications of Global Environmental Science'),
('11', 'Advanced Essentials of Digital Psychology'),
('12', 'Expert Perspectives of Global Linguistics'),
('13', 'Intermediate Development of Modern Biology'),
('14', 'Advanced Development of Modern Mathematics'),
('15', 'Professional Fundamentals of Global Psychology'),
('16', 'Beginner Perspectives of Digital Chemistry'),
('17', 'Expert Fundamentals of Global Biology'),
('18', 'Advanced Analysis of Digital Computer Science'),
('19', 'Expert Strategies of Modern Political Science'),
('20', 'Beginner Essentials of Global Political Science'),
('21', 'Beginner Development of Global Sociology'),
('22', 'Professional Analysis of Theoretical History'),
('23', 'Advanced Perspectives of Digital Sociology'),
('24', 'Beginner Strategies of Theoretical Economics'),
('25', 'Beginner Perspectives of Global Biology'),
('26', 'Intermediate Theory of Digital Finance'),
('27', 'Intermediate Essentials of Digital Sociology'),
('28', 'Intermediate Techniques of Digital Sociology'),
('29', 'Advanced Fundamentals of Theoretical Environmental Science'),
('30', 'Advanced Advanced Concepts of Practical Chemistry'),
('31', 'Advanced Analysis of Global Psychology'),
('32', 'Advanced Advanced Concepts of Modern Philosophy'),
('33', 'Expert Essentials of Global Marketing'),
('34', 'Professional Strategies of Global Psychology'),
('35', 'Professional Methods of Theoretical Linguistics'),
('36', 'Professional Strategies of Practical Business'),
('37', 'Intermediate Principles of Practical History'),
('38', 'Advanced Analysis of Digital Sociology'),
('39', 'Professional Theory of Practical History'),
('40', 'Intermediate Development of Modern Business'),
('41', 'Advanced Perspectives of Digital Cybersecurity'),
('42', 'Intermediate Strategies of Practical Linguistics'),
('43', 'Beginner Fundamentals of Theoretical Data Science'),
('44', 'Beginner Methods of Global Economics'),
('45', 'Beginner Analysis of Modern History'),
('46', 'Professional Introduction of Practical Physics'),
('47', 'Advanced Fundamentals of Theoretical Statistics'),
('48', 'Intermediate Methods of Practical Environmental Science'),
('49', 'Expert Essentials of Practical Political Science'),
('50', 'Beginner Principles of Practical Chemistry');

--
--

-- Assigned TABLE Queries
--
--
INSERT INTO `Assigned` (`CourseID`, `UserID`) VALUES ('1', '16'),
('2', '16'),
('3', '16'),
('4', '16'),
('5', '16'),
('6', '16'),
('7', '17'),
('8', '17'),
('9', '17'),
('10', '18'),
('11', '18'),
('12', '18'),
('13', '19'),
('14', '19'),
('15', '19'),
('16', '19'),
('17', '19'),
('18', '20'),
('19', '20'),
('20', '20'),
('21', '21'),
('22', '21'),
('23', '21'),
('24', '21'),
('25', '21'),
('26', '22'),
('27', '22'),
('28', '22'),
('29', '22'),
('30', '23'),
('31', '23'),
('32', '23'),
('33', '23'),
('34', '23'),
('35', '24'),
('36', '24'),
('37', '24'),
('38', '24'),
('39', '24'),
('40', '24'),
('41', '25'),
('42', '25'),
('43', '25'),
('44', '25'),
('45', '25'),
('46', '26'),
('47', '26'),
('48', '26'),
('49', '27'),
('50', '27'),
('1', '27'),
('2', '27'),
('3', '27'),
('4', '28'),
('5', '28'),
('6', '28'),
('7', '28'),
('8', '29'),
('9', '29'),
('10', '29'),
('11', '29'),
('12', '30'),
('13', '30'),
('14', '30'),
('15', '31'),
('16', '31'),
('17', '31'),
('18', '31'),
('19', '31'),
('20', '31'),
('21', '32'),
('22', '32'),
('23', '32'),
('24', '32'),
('25', '32'),
('26', '32'),
('27', '33'),
('28', '33'),
('29', '33'),
('30', '33'),
('31', '34'),
('32', '34'),
('33', '34'),
('34', '34'),
('35', '34'),
('36', '34'),
('37', '35'),
('38', '35'),
('39', '35'),
('40', '35'),
('41', '36'),
('42', '36'),
('43', '36'),
('44', '37'),
('45', '37'),
('46', '37'),
('47', '38'),
('48', '38'),
('49', '38'),
('50', '38'),
('1', '38'),
('2', '38'),
('3', '39'),
('4', '39'),
('5', '39'),
('6', '39'),
('7', '39'),
('8', '39'),
('9', '40'),
('10', '40'),
('11', '40'),
('12', '40'),
('13', '40'),
('14', '41'),
('15', '41'),
('16', '41'),
('17', '42'),
('18', '42'),
('19', '42'),
('20', '43'),
('21', '43'),
('22', '43'),
('23', '43'),
('24', '43'),
('25', '44'),
('26', '44'),
('27', '44'),
('28', '45'),
('29', '45'),
('30', '45'),
('31', '45'),
('32', '46'),
('33', '46'),
('34', '46'),
('35', '46'),
('36', '46'),
('37', '46'),
('38', '47'),
('39', '47'),
('40', '47'),
('41', '47'),
('42', '47'),
('43', '47'),
('44', '48'),
('45', '48'),
('46', '48'),
('47', '49'),
('48', '49'),
('49', '49'),
('50', '49'),
('1', '49'),
('2', '49'),
('3', '50'),
('4', '50'),
('5', '50'),
('6', '50'),
('7', '51'),
('8', '51'),
('9', '51'),
('10', '51'),
('11', '51'),
('12', '52'),
('13', '52'),
('14', '52'),
('15', '52'),
('16', '53'),
('17', '53'),
('18', '53'),
('19', '53'),
('20', '53'),
('21', '53'),
('22', '54'),
('23', '54'),
('24', '54'),
('25', '54'),
('26', '54'),
('27', '55'),
('28', '55'),
('29', '55'),
('30', '55'),
('31', '55'),
('32', '56'),
('33', '56'),
('34', '56'),
('35', '56'),
('36', '57'),
('37', '57'),
('38', '57'),
('39', '57'),
('40', '57'),
('41', '58'),
('42', '58'),
('43', '58'),
('44', '58'),
('45', '58'),
('46', '59'),
('47', '59'),
('48', '59'),
('49', '59'),
('50', '59'),
('1', '60'),
('2', '60'),
('3', '60'),
('4', '60'),
('5', '60'),
('6', '60'),
('7', '61'),
('8', '61'),
('9', '61'),
('10', '61'),
('11', '62'),
('12', '62'),
('13', '62'),
('14', '63'),
('15', '63'),
('16', '63'),
('17', '63'),
('18', '64'),
('19', '64'),
('20', '64'),
('21', '64'),
('22', '64'),
('23', '65'),
('24', '65'),
('25', '65'),
('26', '65'),
('27', '66'),
('28', '66'),
('29', '66'),
('30', '66'),
('31', '67'),
('32', '67'),
('33', '67'),
('34', '67'),
('35', '67'),
('36', '67'),
('37', '68'),
('38', '68'),
('39', '68'),
('40', '69'),
('41', '69'),
('42', '69'),
('43', '69'),
('44', '69'),
('45', '70'),
('46', '70'),
('47', '70'),
('48', '71'),
('49', '71'),
('50', '71'),
('1', '71'),
('2', '71'),
('3', '72'),
('4', '72'),
('5', '72'),
('6', '73'),
('7', '73'),
('8', '73'),
('9', '73'),
('10', '73'),
('11', '74'),
('12', '74'),
('13', '74'),
('14', '74'),
('15', '74'),
('16', '75'),
('17', '75'),
('18', '75'),
('19', '75'),
('20', '75'),
('21', '76'),
('22', '76'),
('23', '76'),
('24', '76'),
('25', '77'),
('26', '77'),
('27', '77'),
('28', '77'),
('29', '77'),
('30', '78'),
('31', '78'),
('32', '78'),
('33', '78'),
('34', '78'),
('35', '78'),
('36', '79'),
('37', '79'),
('38', '79'),
('39', '80'),
('40', '80'),
('41', '80'),
('42', '80'),
('43', '80'),
('44', '81'),
('45', '81'),
('46', '81'),
('47', '81'),
('48', '82'),
('49', '82'),
('50', '82'),
('1', '82'),
('2', '82'),
('3', '82'),
('4', '83'),
('5', '83'),
('6', '83'),
('7', '83'),
('8', '84'),
('9', '84'),
('10', '84'),
('11', '85'),
('12', '85'),
('13', '85'),
('14', '86'),
('15', '86'),
('16', '86'),
('17', '86'),
('18', '86'),
('19', '87'),
('20', '87'),
('21', '87'),
('22', '87'),
('23', '87'),
('24', '87'),
('25', '88'),
('26', '88'),
('27', '88'),
('28', '89'),
('29', '89'),
('30', '89'),
('31', '89'),
('32', '89'),
('33', '90'),
('34', '90'),
('35', '90'),
('36', '90'),
('37', '90'),
('38', '90'),
('39', '91'),
('40', '91'),
('41', '91'),
('42', '91'),
('43', '91'),
('44', '92'),
('45', '92'),
('46', '92'),
('47', '92'),
('48', '92'),
('49', '93'),
('50', '93'),
('1', '93'),
('2', '94'),
('3', '94'),
('4', '94'),
('5', '94'),
('6', '95'),
('7', '95'),
('8', '95'),
('9', '96'),
('10', '96'),
('11', '96'),
('12', '96'),
('13', '97'),
('14', '97'),
('15', '97'),
('16', '97'),
('17', '98'),
('18', '98'),
('19', '98'),
('20', '98'),
('21', '98'),
('22', '98'),
('23', '99'),
('24', '99'),
('25', '99'),
('26', '99'),
('27', '99'),
('28', '100'),
('29', '100'),
('30', '100'),
('31', '101'),
('32', '101'),
('33', '101'),
('34', '101'),
('35', '101'),
('36', '102'),
('37', '102'),
('38', '102'),
('39', '102'),
('40', '103'),
('41', '103'),
('42', '103'),
('43', '103'),
('44', '103'),
('45', '103'),
('46', '104'),
('47', '104'),
('48', '104'),
('49', '104'),
('50', '104'),
('1', '105'),
('2', '105'),
('3', '105'),
('4', '105'),
('5', '105'),
('6', '106'),
('7', '106'),
('8', '106'),
('9', '106'),
('10', '106'),
('11', '106'),
('12', '107'),
('13', '107'),
('14', '107'),
('15', '107'),
('16', '107'),
('17', '108'),
('18', '108'),
('19', '108'),
('20', '108'),
('21', '108'),
('22', '109'),
('23', '109'),
('24', '109'),
('25', '110'),
('26', '110'),
('27', '110'),
('28', '110'),
('29', '111'),
('30', '111'),
('31', '111'),
('32', '111'),
('33', '112'),
('34', '112'),
('35', '112'),
('36', '112'),
('37', '112'),
('38', '112'),
('39', '113'),
('40', '113'),
('41', '113'),
('42', '113'),
('43', '113'),
('44', '114'),
('45', '114'),
('46', '114'),
('47', '115'),
('48', '115'),
('49', '115'),
('50', '115'),
('1', '115'),
('2', '115');

--
--

-- Teach TABLE Queries
--
--
INSERT INTO `Teach` (`CourseID`, `UserID`) VALUES ('1', '6'),
('2', '7'),
('3', '8'),
('4', '9'),
('5', '10'),
('6', '11'),
('7', '12'),
('8', '13'),
('9', '14'),
('10', '15'),
('11', '6'),
('12', '7'),
('13', '8'),
('14', '9'),
('15', '10'),
('16', '11'),
('17', '12'),
('18', '13'),
('19', '14'),
('20', '15'),
('21', '6'),
('22', '7'),
('23', '8'),
('24', '9'),
('25', '10'),
('26', '11'),
('27', '12'),
('28', '13'),
('29', '14'),
('30', '15'),
('31', '6'),
('32', '7'),
('33', '8'),
('34', '9'),
('35', '10'),
('36', '11'),
('37', '12'),
('38', '13'),
('39', '14'),
('40', '15'),
('41', '6'),
('42', '7'),
('43', '8'),
('44', '9'),
('45', '10'),
('46', '11'),
('47', '12'),
('48', '13'),
('49', '14'),
('50', '15');

--
--
